{"schema":"colibri-qwen3-moe-m5.2-03-runtime-result-v1","schema_version":1,"task":"M5.2-03","fixture_id":"long_english_context","input_token_ids":[32,72349,6500,11655,7424,11457,6203,7388,13],"generated_token_ids":[576],"requested_generation_length":1,"seed":0,"decoding_mode":"greedy","kv_cache_capacity":10,"processed_steps":9,"cache":{"configured_budget_bytes":17179869184,"policy":"strict_global_lru","resident_bytes":17175674880,"peak_resident_bytes":17175674880,"resident_entry_count":910,"peak_entry_count":910,"hits":1558,"misses":1898,"loads":1898,"evictions":988,"bytes_read":35823550464,"bytes_served_from_cache":29406265344,"bytes_avoided":29406265344,"oversized_entry_events":0,"blocked_eviction_events":0},"io":{"expert_payload_bytes_requested":65229815808,"expert_bytes_loaded":35823550464,"expert_bytes_served_from_cache":29406265344,"expert_bytes_avoided":29406265344,"dense_bytes_read":44277432320,"total_logical_bytes":80100982784,"prefill_expert_bytes_loaded":35823550464,"decode_expert_bytes_loaded":0},"timing":{"initialization_seconds":1.50457719999999995e0,"prefill_seconds":2.61319133899999997e2,"decode_seconds":-0.00000000000000000e0,"prefill_tokens_per_second":3.44406468278134759e-2,"decode_tokens_per_second":0.00000000000000000e0,"total_seconds":2.62845666400000027e2,"step_seconds":[4.46170709000000016e1,3.93720303999999999e1,2.79408834999999982e1,1.82739088000000010e1,2.69435898000000016e1,1.81779173000000007e1,2.03802753000000010e1,2.42407788000000011e1,4.13726790999999992e1]},"per_step":{"dense_bytes":[4919713792,4919713792,4919713792,4919713792,4919713792,4919713792,4919713792,4919713792,4919713792],"expert_bytes_loaded":[7247757312,6020923392,3831496704,2019557376,3378511872,1660944384,2302672896,3057647616,6304038912],"hits":[0,65,181,277,205,296,262,222,50],"misses":[384,319,203,107,179,88,122,162,334],"loads":[384,319,203,107,179,88,122,162,334],"evictions":[0,0,0,103,179,88,122,162,334]},"kv_cache":{"allocated_bytes":1966080,"logical_final_length":9,"invariants":"pass"},"correctness":{"finite_outputs":true,"router_and_selected_expert_execution":"pass","bounded_payload_residency":true,"oversized_entry_events":0,"blocked_eviction_events":0}}
