{"schema":"colibri-qwen3-moe-m5.2-03-runtime-result-v1","schema_version":1,"task":"M5.2-03","fixture_id":"tier_b_code_newline","input_token_ids":[87,28,16,198],"generated_token_ids":[3472],"requested_generation_length":1,"seed":0,"decoding_mode":"greedy","kv_cache_capacity":5,"processed_steps":4,"cache":{"configured_budget_bytes":8589934592,"policy":"strict_global_lru","resident_bytes":8587837440,"peak_resident_bytes":8587837440,"resident_entry_count":455,"peak_entry_count":455,"hits":328,"misses":1208,"loads":1208,"evictions":753,"bytes_read":22800236544,"bytes_served_from_cache":6190792704,"bytes_avoided":6190792704,"oversized_entry_events":0,"blocked_eviction_events":0},"io":{"expert_payload_bytes_requested":28991029248,"expert_bytes_loaded":22800236544,"expert_bytes_served_from_cache":6190792704,"expert_bytes_avoided":6190792704,"dense_bytes_read":19678863360,"total_logical_bytes":42479099904,"prefill_expert_bytes_loaded":22800236544,"decode_expert_bytes_loaded":0},"timing":{"initialization_seconds":1.43674030000000008e0,"prefill_seconds":1.49789440000000013e2,"decode_seconds":-0.00000000000000000e0,"prefill_tokens_per_second":2.67041521752134185e-2,"decode_tokens_per_second":0.00000000000000000e0,"total_seconds":1.51232371199999989e2,"step_seconds":[4.34747229999999973e1,4.28796806000000004e1,2.97565629999999999e1,3.36784734000000014e1]},"per_step":{"dense_bytes":[4919713792,4919713792,4919713792,4919713792],"expert_bytes_loaded":[7247757312,6549405696,4095737856,4907335680],"hits":[0,37,167,124],"misses":[384,347,217,260],"loads":[384,347,217,260],"evictions":[0,276,217,260]},"kv_cache":{"allocated_bytes":983040,"logical_final_length":4,"invariants":"pass"},"correctness":{"finite_outputs":true,"router_and_selected_expert_execution":"pass","bounded_payload_residency":true,"oversized_entry_events":0,"blocked_eviction_events":0}}
