{"schema":"colibri-qwen3-moe-m5.2-03-runtime-result-v1","schema_version":1,"task":"M5.2-03","fixture_id":"long_english_context","input_token_ids":[32,72349,6500,11655,7424,11457,6203,7388,13],"generated_token_ids":[576],"requested_generation_length":1,"seed":0,"decoding_mode":"greedy","kv_cache_capacity":10,"processed_steps":9,"cache":{"configured_budget_bytes":8589934592,"policy":"strict_global_lru","resident_bytes":8587837440,"peak_resident_bytes":8587837440,"resident_entry_count":455,"peak_entry_count":455,"hits":1103,"misses":2353,"loads":2353,"evictions":1898,"bytes_read":44411387904,"bytes_served_from_cache":20818427904,"bytes_avoided":20818427904,"oversized_entry_events":0,"blocked_eviction_events":0},"io":{"expert_payload_bytes_requested":65229815808,"expert_bytes_loaded":44411387904,"expert_bytes_served_from_cache":20818427904,"expert_bytes_avoided":20818427904,"dense_bytes_read":44277432320,"total_logical_bytes":88688820224,"prefill_expert_bytes_loaded":44411387904,"decode_expert_bytes_loaded":0},"timing":{"initialization_seconds":2.13362160000000012e0,"prefill_seconds":4.12076830499999915e2,"decode_seconds":-0.00000000000000000e0,"prefill_tokens_per_second":2.18405873222226737e-2,"decode_tokens_per_second":0.00000000000000000e0,"total_seconds":4.14221967600000028e2,"step_seconds":[1.04332641400000000e2,5.76918167999999980e1,3.12404760000000010e1,2.28102616000000005e1,3.25999607999999981e1,5.33320734999999999e1,3.14632779000000014e1,3.31014204000000021e1,4.55049021000000025e1]},"per_step":{"dense_bytes":[4919713792,4919713792,4919713792,4919713792,4919713792,4919713792,4919713792,4919713792,4919713792],"expert_bytes_loaded":[7247757312,6020923392,4114612224,2585788416,4510973952,4190109696,4341104640,4699717632,6700400640],"hits":[0,65,166,247,145,162,154,135,29],"misses":[384,319,218,137,239,222,230,249,355],"loads":[384,319,218,137,239,222,230,249,355],"evictions":[0,248,218,137,239,222,230,249,355]},"kv_cache":{"allocated_bytes":1966080,"logical_final_length":9,"invariants":"pass"},"correctness":{"finite_outputs":true,"router_and_selected_expert_execution":"pass","bounded_payload_residency":true,"oversized_entry_events":0,"blocked_eviction_events":0}}
