{"schema":"colibri-qwen3-moe-m5.2-03-runtime-result-v1","schema_version":1,"task":"M5.2-03","fixture_id":"long_decode_english","input_token_ids":[9707,1879],"generated_token_ids":[0,358,2776,264],"requested_generation_length":4,"seed":0,"decoding_mode":"greedy","kv_cache_capacity":6,"processed_steps":5,"cache":{"configured_budget_bytes":8589934592,"policy":"strict_global_lru","resident_bytes":8587837440,"peak_resident_bytes":8587837440,"resident_entry_count":455,"peak_entry_count":455,"hits":584,"misses":1336,"loads":1336,"evictions":881,"bytes_read":25216155648,"bytes_served_from_cache":11022630912,"bytes_avoided":11022630912,"oversized_entry_events":0,"blocked_eviction_events":0},"io":{"expert_payload_bytes_requested":36238786560,"expert_bytes_loaded":25216155648,"expert_bytes_served_from_cache":11022630912,"expert_bytes_avoided":11022630912,"dense_bytes_read":24598577152,"total_logical_bytes":49814732800,"prefill_expert_bytes_loaded":13853786112,"decode_expert_bytes_loaded":11362369536},"timing":{"initialization_seconds":2.23328419999999994e0,"prefill_seconds":1.12064162300000007e2,"decode_seconds":8.72387540999999942e1,"prefill_tokens_per_second":1.78469187557564052e-2,"decode_tokens_per_second":3.43883865714217016e-2,"total_seconds":2.01544491099999988e2,"step_seconds":[6.85041826000000071e1,4.35599796999999995e1,2.93532551999999995e1,3.06639543000000003e1,2.72215446000000014e1]},"per_step":{"dense_bytes":[4919713792,4919713792,4919713792,4919713792,4919713792],"expert_bytes_loaded":[7247757312,6606028800,3850371072,4133486592,3378511872],"hits":[0,34,180,165,205],"misses":[384,350,204,219,179],"loads":[384,350,204,219,179],"evictions":[0,279,204,219,179]},"kv_cache":{"allocated_bytes":1179648,"logical_final_length":5,"invariants":"pass"},"correctness":{"finite_outputs":true,"router_and_selected_expert_execution":"pass","bounded_payload_residency":true,"oversized_entry_events":0,"blocked_eviction_events":0}}
