{"schema":"colibri-qwen3-moe-m5.2-03-runtime-result-v1","schema_version":1,"task":"M5.2-03","fixture_id":"tier_b_code_newline","input_token_ids":[87,28,16,198],"generated_token_ids":[3472],"requested_generation_length":1,"seed":0,"decoding_mode":"greedy","kv_cache_capacity":5,"processed_steps":4,"cache":{"configured_budget_bytes":17179869184,"policy":"strict_global_lru","resident_bytes":17175674880,"peak_resident_bytes":17175674880,"resident_entry_count":910,"peak_entry_count":910,"hits":435,"misses":1101,"loads":1101,"evictions":191,"bytes_read":20780679168,"bytes_served_from_cache":8210350080,"bytes_avoided":8210350080,"oversized_entry_events":0,"blocked_eviction_events":0},"io":{"expert_payload_bytes_requested":28991029248,"expert_bytes_loaded":20780679168,"expert_bytes_served_from_cache":8210350080,"expert_bytes_avoided":8210350080,"dense_bytes_read":19678863360,"total_logical_bytes":40459542528,"prefill_expert_bytes_loaded":20780679168,"decode_expert_bytes_loaded":0},"timing":{"initialization_seconds":1.82179080000000004e0,"prefill_seconds":2.50875468400000017e2,"decode_seconds":-0.00000000000000000e0,"prefill_tokens_per_second":1.59441655475948477e-2,"decode_tokens_per_second":0.00000000000000000e0,"total_seconds":2.52704134100000005e2,"step_seconds":[9.79636677999999961e1,9.83942966000000041e1,2.84250709999999991e1,2.60924329999999998e1]},"per_step":{"dense_bytes":[4919713792,4919713792,4919713792,4919713792],"expert_bytes_loaded":[7247757312,6549405696,3661627392,3321888768],"hits":[0,37,190,208],"misses":[384,347,194,176],"loads":[384,347,194,176],"evictions":[0,0,15,176]},"kv_cache":{"allocated_bytes":983040,"logical_final_length":4,"invariants":"pass"},"correctness":{"finite_outputs":true,"router_and_selected_expert_execution":"pass","bounded_payload_residency":true,"oversized_entry_events":0,"blocked_eviction_events":0}}
