{"schema":"colibri-qwen3-moe-m5.2-03-runtime-result-v1","schema_version":1,"task":"M5.2-03","fixture_id":"long_english_context","input_token_ids":[32,72349,6500,11655,7424,11457,6203,7388,13],"generated_token_ids":[576],"requested_generation_length":1,"seed":0,"decoding_mode":"greedy","kv_cache_capacity":10,"processed_steps":9,"cache":{"configured_budget_bytes":8589934592,"policy":"strict_global_lru","resident_bytes":8587837440,"peak_resident_bytes":8587837440,"resident_entry_count":455,"peak_entry_count":455,"hits":1103,"misses":2353,"loads":2353,"evictions":1898,"bytes_read":44411387904,"bytes_served_from_cache":20818427904,"bytes_avoided":20818427904,"oversized_entry_events":0,"blocked_eviction_events":0},"io":{"expert_payload_bytes_requested":65229815808,"expert_bytes_loaded":44411387904,"expert_bytes_served_from_cache":20818427904,"expert_bytes_avoided":20818427904,"dense_bytes_read":44277432320,"total_logical_bytes":88688820224,"prefill_expert_bytes_loaded":44411387904,"decode_expert_bytes_loaded":0},"timing":{"initialization_seconds":1.67065250000000010e0,"prefill_seconds":3.24843759599999998e2,"decode_seconds":-0.00000000000000000e0,"prefill_tokens_per_second":2.77056268868524705e-2,"decode_tokens_per_second":0.00000000000000000e0,"total_seconds":3.26522150399999987e2,"step_seconds":[4.88568181999999993e1,4.08175620000000023e1,3.08118541999999991e1,2.27247795000000004e1,3.40392453999999987e1,3.07586538000000012e1,3.26668038999999979e1,3.49205754999999982e1,4.92474671000000015e1]},"per_step":{"dense_bytes":[4919713792,4919713792,4919713792,4919713792,4919713792,4919713792,4919713792,4919713792,4919713792],"expert_bytes_loaded":[7247757312,6020923392,4114612224,2585788416,4510973952,4190109696,4341104640,4699717632,6700400640],"hits":[0,65,166,247,145,162,154,135,29],"misses":[384,319,218,137,239,222,230,249,355],"loads":[384,319,218,137,239,222,230,249,355],"evictions":[0,248,218,137,239,222,230,249,355]},"kv_cache":{"allocated_bytes":1966080,"logical_final_length":9,"invariants":"pass"},"correctness":{"finite_outputs":true,"router_and_selected_expert_execution":"pass","bounded_payload_residency":true,"oversized_entry_events":0,"blocked_eviction_events":0}}
