{"schema":"colibri-qwen3-moe-m5.2-03-runtime-result-v1","schema_version":1,"task":"M5.2-03","fixture_id":"long_decode_english","input_token_ids":[9707,1879],"generated_token_ids":[0,358,2776,264],"requested_generation_length":4,"seed":0,"decoding_mode":"greedy","kv_cache_capacity":6,"processed_steps":5,"cache":{"configured_budget_bytes":17179869184,"policy":"strict_global_lru","resident_bytes":17175674880,"peak_resident_bytes":17175674880,"resident_entry_count":910,"peak_entry_count":910,"hits":682,"misses":1238,"loads":1238,"evictions":328,"bytes_read":23366467584,"bytes_served_from_cache":12872318976,"bytes_avoided":12872318976,"oversized_entry_events":0,"blocked_eviction_events":0},"io":{"expert_payload_bytes_requested":36238786560,"expert_bytes_loaded":23366467584,"expert_bytes_served_from_cache":12872318976,"expert_bytes_avoided":12872318976,"dense_bytes_read":24598577152,"total_logical_bytes":47965044736,"prefill_expert_bytes_loaded":13853786112,"decode_expert_bytes_loaded":9512681472},"timing":{"initialization_seconds":1.64951519999999996e0,"prefill_seconds":8.92275481000000070e1,"decode_seconds":7.46571605000000034e1,"prefill_tokens_per_second":2.24146022454695219e-2,"decode_tokens_per_second":4.01836874039697770e-2,"total_seconds":1.65555617299999994e2,"step_seconds":[4.66777313999999990e1,4.25498167000000009e1,2.76871054000000001e1,2.58212302999999999e1,2.11488247999999999e1]},"per_step":{"dense_bytes":[4919713792,4919713792,4919713792,4919713792,4919713792],"expert_bytes_loaded":[7247757312,6606028800,3661627392,3321888768,2529165312],"hits":[0,34,190,208,250],"misses":[384,350,194,176,134],"loads":[384,350,194,176,134],"evictions":[0,0,18,176,134]},"kv_cache":{"allocated_bytes":1179648,"logical_final_length":5,"invariants":"pass"},"correctness":{"finite_outputs":true,"router_and_selected_expert_execution":"pass","bounded_payload_residency":true,"oversized_entry_events":0,"blocked_eviction_events":0}}
