{
  "bf16_vs_f32": {
    "attention_mask": {
      "maximum_absolute_difference": 0.0
    },
    "embedding_output": {
      "maximum_absolute_difference": 0.0
    },
    "input_ids": {
      "exact": true
    },
    "layer0_attention_output": {
      "maximum_absolute_difference": 0.0040149688720703125
    },
    "layer0_block_output": {
      "maximum_absolute_difference": 0.006351947784423828
    },
    "layer0_expert_input": {
      "maximum_absolute_difference": 0.01611185073852539
    },
    "layer0_expert_output_t0_p0_e62": {
      "maximum_absolute_difference": 0.0011912286281585693
    },
    "layer0_expert_output_t0_p1_e21": {
      "maximum_absolute_difference": 0.003489673137664795
    },
    "layer0_expert_output_t0_p2_e75": {
      "maximum_absolute_difference": 0.0009435117244720459
    },
    "layer0_expert_output_t0_p3_e87": {
      "maximum_absolute_difference": 0.0018132328987121582
    },
    "layer0_expert_output_t0_p4_e36": {
      "maximum_absolute_difference": 0.0005565434694290161
    },
    "layer0_expert_output_t0_p5_e126": {
      "maximum_absolute_difference": 0.000488579273223877
    },
    "layer0_expert_output_t0_p6_e34": {
      "maximum_absolute_difference": 0.0010932981967926025
    },
    "layer0_expert_output_t0_p7_e91": {
      "maximum_absolute_difference": 0.0004383884370326996
    },
    "layer0_expert_output_t1_p0_e114": {
      "maximum_absolute_difference": 0.013311624526977539
    },
    "layer0_expert_output_t1_p1_e44": {
      "maximum_absolute_difference": 0.0019286274909973145
    },
    "layer0_expert_output_t1_p2_e26": {
      "maximum_absolute_difference": 0.005179643630981445
    },
    "layer0_expert_output_t1_p3_e65": {
      "maximum_absolute_difference": 0.009056806564331055
    },
    "layer0_expert_output_t1_p4_e59": {
      "maximum_absolute_difference": 0.0025179386138916016
    },
    "layer0_expert_output_t1_p5_e104": {
      "maximum_absolute_difference": 0.001572251319885254
    },
    "layer0_expert_output_t1_p6_e83": {
      "maximum_absolute_difference": 0.00103074312210083
    },
    "layer0_expert_output_t1_p7_e69": {
      "maximum_absolute_difference": 0.0031696557998657227
    },
    "layer0_expert_output_t2_p0_e87": {
      "maximum_absolute_difference": 0.0038213729858398438
    },
    "layer0_expert_output_t2_p1_e105": {
      "maximum_absolute_difference": 0.0008083879947662354
    },
    "layer0_expert_output_t2_p2_e110": {
      "maximum_absolute_difference": 0.0014386624097824097
    },
    "layer0_expert_output_t2_p3_e91": {
      "maximum_absolute_difference": 0.0019318163394927979
    },
    "layer0_expert_output_t2_p4_e25": {
      "maximum_absolute_difference": 0.0014255493879318237
    },
    "layer0_expert_output_t2_p5_e54": {
      "maximum_absolute_difference": 0.002345263957977295
    },
    "layer0_expert_output_t2_p6_e41": {
      "maximum_absolute_difference": 0.0007065534591674805
    },
    "layer0_expert_output_t2_p7_e21": {
      "maximum_absolute_difference": 0.0017880499362945557
    },
    "layer0_expert_output_t3_p0_e98": {
      "maximum_absolute_difference": 0.0030846595764160156
    },
    "layer0_expert_output_t3_p1_e65": {
      "maximum_absolute_difference": 0.0021659135818481445
    },
    "layer0_expert_output_t3_p2_e99": {
      "maximum_absolute_difference": 0.003266453742980957
    },
    "layer0_expert_output_t3_p3_e114": {
      "maximum_absolute_difference": 0.0016450881958007812
    },
    "layer0_expert_output_t3_p4_e100": {
      "maximum_absolute_difference": 0.002779364585876465
    },
    "layer0_expert_output_t3_p5_e72": {
      "maximum_absolute_difference": 0.0004467964172363281
    },
    "layer0_expert_output_t3_p6_e40": {
      "maximum_absolute_difference": 0.0007013194262981415
    },
    "layer0_expert_output_t3_p7_e96": {
      "maximum_absolute_difference": 0.001528322696685791
    },
    "layer0_moe_output": {
      "maximum_absolute_difference": 0.006398558616638184
    },
    "layer0_residual_output": {
      "maximum_absolute_difference": 0.00400775671005249
    },
    "layer0_router_logits": {
      "maximum_absolute_difference": 0.03326892852783203
    },
    "layer0_routing_weights": {
      "maximum_absolute_difference": 0.0019285976886749268
    },
    "layer0_selected_expert_ids": {
      "exact": true
    },
    "layer1_attention_output": {
      "maximum_absolute_difference": 0.0026459693908691406
    },
    "layer1_input": {
      "maximum_absolute_difference": 0.006351947784423828
    },
    "layer1_input_rmsnorm": {
      "maximum_absolute_difference": 0.0009052008390426636
    },
    "layer1_post_attention_rmsnorm": {
      "maximum_absolute_difference": 0.019003868103027344
    },
    "layer1_residual_output": {
      "maximum_absolute_difference": 0.005606889724731445
    },
    "layer1_router_logits": {
      "maximum_absolute_difference": 0.03312397003173828
    },
    "layer1_routing_weights": {
      "maximum_absolute_difference": 0.003670215606689453
    },
    "layer1_selected_expert_ids": {
      "exact": true
    },
    "position_ids": {
      "exact": true
    }
  },
  "checkpoint_file": {
    "bytes": 632312,
    "sha256": "637bc72313c04b39273ca87528cc70d5de48035f882a6456c1167cbf2e516fac"
  },
  "checkpoint_inventory": {
    "attention_mask": {
      "bytes": 64,
      "dtype": "float32",
      "shape": [
        1,
        1,
        4,
        4
      ]
    },
    "embedding_output": {
      "bytes": 32768,
      "dtype": "float32",
      "shape": [
        4,
        2048
      ]
    },
    "input_ids": {
      "bytes": 32,
      "dtype": "int64",
      "shape": [
        4
      ]
    },
    "layer0_attention_output": {
      "bytes": 32768,
      "dtype": "float32",
      "shape": [
        4,
        2048
      ]
    },
    "layer0_block_output": {
      "bytes": 32768,
      "dtype": "float32",
      "shape": [
        4,
        2048
      ]
    },
    "layer0_expert_input": {
      "bytes": 32768,
      "dtype": "float32",
      "shape": [
        4,
        2048
      ]
    },
    "layer0_expert_output_t0_p0_e62": {
      "bytes": 8192,
      "dtype": "float32",
      "shape": [
        2048
      ]
    },
    "layer0_expert_output_t0_p1_e21": {
      "bytes": 8192,
      "dtype": "float32",
      "shape": [
        2048
      ]
    },
    "layer0_expert_output_t0_p2_e75": {
      "bytes": 8192,
      "dtype": "float32",
      "shape": [
        2048
      ]
    },
    "layer0_expert_output_t0_p3_e87": {
      "bytes": 8192,
      "dtype": "float32",
      "shape": [
        2048
      ]
    },
    "layer0_expert_output_t0_p4_e36": {
      "bytes": 8192,
      "dtype": "float32",
      "shape": [
        2048
      ]
    },
    "layer0_expert_output_t0_p5_e126": {
      "bytes": 8192,
      "dtype": "float32",
      "shape": [
        2048
      ]
    },
    "layer0_expert_output_t0_p6_e34": {
      "bytes": 8192,
      "dtype": "float32",
      "shape": [
        2048
      ]
    },
    "layer0_expert_output_t0_p7_e91": {
      "bytes": 8192,
      "dtype": "float32",
      "shape": [
        2048
      ]
    },
    "layer0_expert_output_t1_p0_e114": {
      "bytes": 8192,
      "dtype": "float32",
      "shape": [
        2048
      ]
    },
    "layer0_expert_output_t1_p1_e44": {
      "bytes": 8192,
      "dtype": "float32",
      "shape": [
        2048
      ]
    },
    "layer0_expert_output_t1_p2_e26": {
      "bytes": 8192,
      "dtype": "float32",
      "shape": [
        2048
      ]
    },
    "layer0_expert_output_t1_p3_e65": {
      "bytes": 8192,
      "dtype": "float32",
      "shape": [
        2048
      ]
    },
    "layer0_expert_output_t1_p4_e59": {
      "bytes": 8192,
      "dtype": "float32",
      "shape": [
        2048
      ]
    },
    "layer0_expert_output_t1_p5_e104": {
      "bytes": 8192,
      "dtype": "float32",
      "shape": [
        2048
      ]
    },
    "layer0_expert_output_t1_p6_e83": {
      "bytes": 8192,
      "dtype": "float32",