{
  "compute_dtype": "F32 from pinned BF16-derived weights",
  "environment": {
    "python": "3.12.10",
    "safetensors": "0.8.0",
    "torch": "2.12.1+cpu",
    "transformers": "5.12.1"
  },
  "fixed_hidden_indices": [
    0,
    1,
    127,
    1024,
    2047
  ],
  "fixed_vocabulary_indices": [
    0,
    1,
    2,
    11,
    1879,
    9707,
    32768,
    65535,
    100000,
    151935
  ],
  "fixture_count": 6,
  "fixtures": [
    {
      "cache_length": 1,
      "coverage": [
        "one_token",
        "low_token_id"
      ],
      "final_norm": {
        "fixed_indices": [
          0,
          1,
          127,
          1024,
          2047
        ],
        "fixed_values": [
          -1.401443600654602,
          -0.15025560557842255,
          -0.037360843271017075,
          -0.2676801383495331,
          0.7432122826576233
        ],
        "sha256_f32_le": "4a118bc6d1c8ce45010878cb62a5b41c72fd9efb3677f2b645935eefd3a9a635",
        "shape": [
          2048
        ]
      },
      "final_position": 0,
      "guard_router_ids": {
        "0": [
          114,
          45,
          99,
          46,
          98,
          74,
          102,
          65
        ],
        "24": [
          10,
          105,
          24,
          111,
          101,
          98,
          108,
          113
        ],
        "47": [
          125,
          46,
          2,
          101,
          73,
          74,
          87,
          20
        ]
      },
      "logits": {
        "argmax_logit": 16.996835708618164,
        "argmax_token_id": 50994,
        "fixed_indices": [
          0,
          1,
          2,
          11,
          1879,
          9707,
          32768,
          65535,
          100000,
          151935
        ],
        "fixed_logits": [
          15.095172882080078,
          9.402782440185547,
          10.018939018249512,
          8.361827850341797,
          6.477259635925293,
          8.556096076965332,
          -1.9758409261703491,
          -3.706514835357666,
          1.1371922492980957,
          -3.2004141807556152
        ],
        "nan_count": 0,
        "negative_infinity_count": 0,
        "positive_infinity_count": 0,
        "second_highest_logit": 15.095172882080078,
        "top1_margin": 1.901662826538086,
        "top20_logits": [
          16.996835708618164,
          15.095172882080078,
          13.368040084838867,
          13.29090404510498,
          13.136209487915039,
          13.026098251342773,
          12.422487258911133,
          12.115116119384766,
          12.054302215576172,
          11.90450668334961,
          11.895267486572266,
          11.863574028015137,
          11.78950309753418,
          11.588667869567871,
          11.544973373413086,
          11.435972213745117,
          11.409984588623047,
          11.23123550415039,
          11.198810577392578,
          11.171566009521484
        ],
        "top20_token_ids": [
          50994,
          0,
          608,
          220,
          353,
          1096,
          320,
          314,
          1688,
          481,
          334,
          358,
          16,
          284,
          9,
          576,
          1294,
          279,
          3,
          90
        ],
        "vocabulary_size": 151936
      },
      "name": "single_low_token",
      "text": "!",
      "token_ids": [
        0
      ]
    },
    {
      "cache_length": 2,
      "coverage": [
        "english"
      ],
      "final_norm": {
        "fixed_indices": [
          0,
          1,
          127,
          1024,
          2047
        ],
        "fixed_values": [
          -0.7665280103683472,
          1.5762076377868652,
          -0.1300552487373352,
          1.649443507194519,
          0.8336992263793945
        ],
        "sha256_f32_le": "244fca73c594ca39e357156c487cba0c4575de739619e57019dfe2e124222059",
        "shape": [
          2048
        ]
      },
      "final_position": 1,
      "guard_router_ids": {
        "0": [
          87,
          110,
          105,
          91,
          122,
          41,
          125,
          30
        ],
        "24": [
          85,
          28,
          65,
          112,
          46,
          127,
          24,
          50
        ],
        "47": [
          44,
          15,
          127,
          21,
          126,
          74,
          82,
          57
        ]
      },
      "logits": {
        "argmax_logit": 21.212291717529297,
        "argmax_token_id": 0,
        "fixed_indices": [
          0,
          1,
          2,
          11,
          1879,
          9707,
          32768,
          65535,
          100000,
          151935
        ],
        "fixed_logits": [
          21.212291717529297,
          18.639842987060547,
          12.032954216003418,
          21.010393142700195,
          13.889265060424805,
          14.01870346069336,
          3.5042026042938232,
          2.156187057495117,
          9.91356086730957,
          3.528496742248535
        ],
        "nan_count": 0,
        "negative_infinity_count": 0,
        "positive_infinity_count": 0,
        "second_highest_logit": 21.010393142700195,
        "top1_margin": 0.20189857482910156,
        "top20_logits": [
          21.212291717529297,
          21.010393142700195,
          20.21227264404297,
          19.87692642211914,
          19.79694175720215,
          19.713613510131836,
          19.684282302856445,
          19.081613540649414,
          19.057918548583984,
          18.92335319519043,
          18.639842987060547,
          18.580459594726562,
          18.525508880615234,
          18.50792694091797,
          18.30121612548828,
          18.17548370361328,
          17.954099655151367,
          17.91780662536621,
          17.845361709594727,
          17.774925231933594
        ],
        "top20_token_ids": [
          0,
          11,
          271,
          198,
          2219,
          4894,
          304,
          25,
          13,
          504,
          1,
          481,
          374,
          448,
          8958,
          497,
          6313,
          382,
          220,
          369
        ],
        "vocabulary_size": 151936
      },
      "name": "short_english",
      "text": "Hello world",
      "token_ids": [
        9707,
        1879
      ]
    },
    {
      "cache_length": 1,
      "coverage": [
        "thai",
        "high_token_id"
      ],
      "final_norm": {
        "fixed_indices": [
          0,
          1,
          127,
          1024,
          2047
        ],
        "fixed_values": [
          -1.183620810508728,
          -0.5904654860496521,
          1.1695079803466797,
          -0.6362262964248657,
          0.37557974457740784
        ],
        "sha256_f32_le": "d4d5166b18a446a21bcf0b40671f467d28554724196b1143820998275ea0112c",
        "shape": [
          2048
        ]
      },
      "final_position": 0,
      "guard_router_ids": {
        "0": [
          91,
          39,
          82,
          64,
          90,
          122,
          75,
          55
        ],
        "24": [
          10,
          105,
          24,
          111,
          101,
          98,
          108,
          113
        ],
        "47": [
          118,
          107,
          28,
          49,
          7,
          41,
          87,
          33
        ]
      },
      "logits": {
        "argmax_logit": 6.48093318939209,
        "argmax_token_id": 7360,
        "fixed_indices": [
          0,
          1,
          2,
          11,
          1879,
          9707,
          32768,
          65535,
          100000,
          151935
        ],